product_name,price
Nike React Vision Premium 3M trainers in anthracite,£124.95
ASOS DESIGN Wide Fit trainers in blue canvas,£12.00
Tommy Hilfiger essential leather vulc trainer in white with flag logo,£85.00
ASOS DESIGN lace up boots in black and grey faux leather with orange details,£50.00
New Look tassel loafer in dark brown,£29.99
ASOS DESIGN Wide Fit trainers in stone with mixed materials,£25.00
Pull&Bear trainers in white,£19.99
ASOS DESIGN black patent loafer with double silver chain detail,£28.00
The North Face Traction Thermoball boots in black,£60.00
The North Face Back-to-Berkeley Redux Lux boots in black,£125.00
The North Face Back-to-Berkeley Mid WP boots in black,£145.00
The North Face Back-to-Berkeley Mid WP boots in brown,£145.00
ASOS DESIGN Wide Fit slip on plimsolls in black velvet with gold badge detail,£25.00
Nike Air Max 2090 SE 3M trainers in anthracite,£129.95
Nike D/MS/X Waffle trainers in matra orange,£89.95
Columbia Fairbanks Omni-Heat boot in brown,£115.00
Walk London alfie toe cap shoes in black leather,£55.00
Walk London alfie brogues in black leather,£55.00
Walk London alfie monk shoes in black leather,£55.00
H by Hudson radclif chunky loafers black leather,£70.00
H by Hudson spey rubber bumper boots in black,£80.00
H by Hudson handle hiker boots in black waxy,£80.00
H by Hudson gamma hiker boots in black,£80.00
H by Hudson perry lace up toe cap boots chunky brown suede,£80.00
Base London gable penny loafers in black combo,£75.00
Nike Air Max 2090 ES trainers in white/total orange,£129.95
Walk London alfie chelsea boots in black suede,£60.00
Palladium pampa hi canvas boots in white,£55.00
ASOS DESIGN lace up boot in black faux nubuck with chunky sole,£55.00
ASOS DESIGN cuban heel western chelsea boots in black croc faux leather with strap and chain detail,£45.00
ASOS DESIGN Wide Fit hiker boots in black faux suede,£38.00
ASOS DESIGN hiker boots in black faux suede,£38.00
Puma King Future Rider trainers in black and green,£75.99
ASOS DESIGN chelsea calf boots in black faux leather with croc effect,£55.00
adidas ultraboost DNA X DISNEY trainer in black,£139.95
adidas Originals Tischtennis trainers in burgundy with gum sole,£74.99
adidas Originals Adilette sliders in aqua with yellow stripes,£29.95
ASOS DESIGN chelsea calf boots on chunky sole in black faux leather,£65.00
Columbia Hiker boot in brown,£135.00
Clarks Originals desert boots 2.0 in beige,£140.00
Pull&Bear trainers in black,£25.99
Jack & Jones trainer hiking boot in olive and black,£60.00
Vans Slip-On checkerboard trainers in grey,£52.00
Barbour Victory leather chukka boots in tan,£135.00
adidas Originals Nizza trainers in black,£54.95
Vans Old Skool checkerboard trainers in black/white,£65.00
River Island Suede chukka boot in black,£50.00
Columbia Flow Borough boots in black,£135.00
adidas Originals Hamburg trainers in grey with gum sole,£74.95
UGG scuff slippers in tan suede,£80.00
adidas Originals Supercourt trainers in black,£69.95
adidas Originals Ozweego trainers in grey,£89.95
Puma classic suede trainers in black,£65.00
Bershka chunky sole trainers with contrast panels,£34.75
Fred Perry B721 gold detail leather trainers in white,£75.00
Fred Perry B721 leather tainers in white,£75.00
adidas Originals Adilette sliders in white,£29.95
Nike Jordan Zoom '92 trainers in triple black,£129.95
Nike Running Pegasus Trail 2 trainers in yellow,£129.99
adidas Originals Ozweego trainers in white,£89.95
Birkenstock arizona vegan sandals in stone,£65.00
ASOS DESIGN knitted runner trainers in black,£28.00
ASOS DESIGN trainers in white with contrast back tab,£30.00
Base London riddle brogues in black leather,£75.00
ASOS DESIGN backless mule loafer in black velvet with faux fur insock and hardware detail,£32.00
Burton Menswear Chelsea boot in black,£39.00
ASOS DESIGN heeled chelsea boots with pointed toe in white leather with chain,£70.00
Walk London terry bar loafers in black leather,£65.00
Nike SB Charge Solarsoft canvas trainers in beige,£49.95
ASOS DESIGN Wide Fit boat shoes in black suedette with chunky sole,£32.00
Nike Air Max 95 Essential in white,£139.95
ASOS DESIGN lace up worker boots in tan leather,£45.00
Ellesse sliders in pink exclusive at asos,£22.00
Puma Ralph Sampson suede trainers in yellow exclusive to ASOS,£65.00
Calvin Klein novic chunky loafers in black,£139.00
ASOS DESIGN padded trainers in navy with double lace,£32.00
adidas X9000L3 Running trainers with green contrast in grey,£99.95
adidas ultraboost 20 trainers in white with stitch detail,£160.00
ASOS DESIGN brogue shoes in tan leather with faux crepe sole,£35.00
Grenson brady hiker boots in black,£295.00
Grenson brady hiker boots in brown oily,£295.00
Grenson fred brogue boots in brown nubuck,£295.00
Grenson bobby hiker boots in tan,£295.00
Grenson archie brogues in black,£285.00
Jeffery West jung live fast embroided loafers black suede,£170.00
Jeffery West Jung tassel loafers in black velvet,£170.00
Jeffery West adamant lace up shoe in black and red leather,£210.00
Puma CA-PRO trainers in triple white,£70.00
Converse Chuck Taylor All Star Distort CX Hi synthetic stretch suede trainers in black,£110.00
Pull&Bear trainers with Nasa print in white,£27.99
ASOS DESIGN high top trainers in black diamante,£35.00
Nike Running Air Zoom Pegasus Shield trainers in black,£114.95
Puma Ralph Sampson MC Clean Wild Cat trainers in white,£75.00
River Island textured trainers in white,£45.00
ASOS DESIGN cuban heel western chelsea boot in pastel green patent faux leather with square toe with metal cap,£45.00
Converse Chuck Taylor All Star CX Colour Flash Hi trainers in ash stone,£70.00
Selected Homme premium leather trainer with thick sole in white & black,£100.00
Topman loafers in brown,£29.99
Nike Squash-Type trainers in white/orange,£79.95
Reebok Classic Legacy trainers in orange,£74.95
Reebok AZ 79 trainers in black,£74.95
Dr Martens 1461 3 eye shoes in red,£119.00
Jeffery West escobar playing card lace up boots in black,£180.00
Jeffery West sylvian buckle cuban chelsea boots in black suede,£249.00
ASOS DESIGN cuban heel western chelsea boot in pink faux leather with square toe with metal cap,£45.00
ASOS DESIGN lace up boots in black faux leather with double strap detail,£60.00
Topman chunky chelsea boots in black,£49.99
New Look trainers in white,£22.99
Topman loafers in black,£29.99
adidas UltraBOOST Running trainers in black,£139.95
Vans Old Skool trainers in leopard print,£65.00
Vans Sk8-Hi trainers in leopard print,£70.00
Burton Menswear leather chukka boot in black,£45.00
Burton Menswear Chelsea boot in tan,£39.00
Topman chukka boots in black,£34.99
Topman chelsea boots in black,£34.99
Jack & Jones Premium leather zip up boot in black,£90.00
ASOS DESIGN lace up worker boots in black leather,£45.00
Tommy Hilfiger leather chelsea boot in black with small back logo,£140.00
Bershka platform trainer with contrast heel panel in white,£29.99
Fred Perry Spencer leather trainers with rubber sole in white,£80.00
Selected Homme leather tassel loafer in black,£110.00
Nike Training SuperRep Go trainer in White,£89.95
Dr Martens 1460 pascal 8 eye boot in dark grey,£149.00
Timberland euro sprint trekker mid boots in green,£110.00
Walk London del derby lace up shoes in black leather,£70.00
Walk London raphael bar loafers in brown leather,£65.00
Walk London west tassel loafers in black hi shine,£65.00
Walk London jackson cuban boots in black leather,£70.00
Walk London slick heritage lace up boots in tan sude,£70.00
Walk London slick heritage lace up boots in black sude,£70.00
Calvin Klein marvin trainers in white and cream,£139.00
PS Paul Smith Atlas leather trainers in black,£195.00
ASOS DESIGN cuban heel western chelsea boots in glitter with flame detail,£45.00
Pull&Bear trainers with heel detail in white,£19.99
Topman chukka boots in beige,£34.99
Bershka mesh trainer in black,£39.99
Nike SB Zoom Janoski Remastered '64 Tokyo canvas trainers in off white/multi,£69.95
Hunter Original insulated pac boots in black,£125.00
Hunter Original padded snow boots in black with orange trim,£115.00
Walk London alfie derby lace up shoes in brown leather,£55.00
Walk London alfie lace up derby in black leather,£55.00
Kickers kick hi boots in beige nubuck,£90.00
PS Paul Smith Buhl mountain climber leather boots with contrast laces in black,£280.00
New Look trainers in black,£22.99
Puma Training LDQ Cell trainers in black,£70.00
Selected Homme leather lace up boot in black,£90.00
Selected Homme Suede chelsea boot in tan,£90.00
Selected Homme premium trainer with thick sole in white,£100.00
Selected Homme patent leather derby shoe in black,£100.00
Selected Homme leather monk shoes in black,£115.00
Pull&Bear trainers in black,£25.99
Topman patent derby shoes in black,£39.99
ASOS DESIGN loafers in multi floral print with snaffle,£30.00
ASOS DESIGN Wide Fit loafers in multi floral print with snaffle,£30.00
Reebok Classics AZ 79 trainers in blue,£74.95
adidas Running X9000 trainers in black,£120.00
Walk London alfie lace up derby in tan leather,£55.00
Walk London alfie brogues in brown leather,£55.00
H by Hudson effra gusset lace up boots,£80.00
H by Hudson gamma hiker boots in brown,£80.00
H by Hudson chelsea boots in black suede,£80.00
H by Hudson chelsea boots in black leather,£80.00
Base London forge lace up boot in waxy black leather,£80.00
ASOS DESIGN trainers in white with silver heel clip and gum tread,£35.00
ASOS DESIGN trainers in black with tonal camo,£35.00
ASOS Unrvlld Supply trainer sandal with straps,£30.00
ASOS DESIGN Wide Fit knit runner trainers in black,£28.00
ASOS DESIGN lace up trainers in black faux suede with gum sole,£25.00
ASOS DESIGN trainers in tonal light grey with ribbed panel,£35.00
ASOS DESIGN high top canvas trainers with chunky double sole,£45.00
ASOS DESIGN padded lounge slider sandals in dark grey,£18.00
ASOS DESIGN sandal in black rubber with buckle,£18.00
adidas Running Supernova trainers in black and white,£85.00
G.H. Bass & Co. Easy Weejuns Larson loafers in navy velvet,£125.00
ASOS DESIGN premium leather and suede trainers in white,£30.00
adidas Originals Rod Laver trainers in white,£69.95
adidas Originals 3MC x Disney sport trainers in red,£59.95
adidas Running Aswetrain trainers in black and white,£55.00
adidas Originals Tischtennis trainers in white with gum sole,£69.95
adidas Running 4D Run 1.0 trainers in white,£169.95
Bershka trainers in white,£22.99
Burton Menswear trainers in white,£29.00
Burton Menswear tassel loafers in black,£39.00
Burton Menswear derby shoe in tan,£30.00
Nike Running Air Zoom Structure trainers in black/orange,£104.95
Nike Running Air Zoom Winflo 7 trainers in Black,£89.95
River Island derby shoe in black,£35.00
Reebok Classics Club C Revenge trainers in black,£64.95
ASOS DESIGN Wide Fit trainers in black with tonal camo,£35.00
ASOS DESIGN sliders in white,£12.00
ASOS DESIGN tech lounge sliders in black with cream faux fur lining,£22.00
ASOS DESIGN padded lounge sliders in grey,£20.00
ASOS DESIGN tech lounge sliders in red with black faux fur lining,£22.00
ASOS DESIGN padded lounge sliders in blue,£20.00
ASOS DESIGN sliders in beige,£12.00
ASOS DESIGN sliders in grey,£12.00
ASOS DESIGN cuban heel western chelsea boot in brown faux leather with square toe with metal cap,£45.00
ASOS DESIGN lace up brogue boots in brown faux leather on black sole,£40.00
The North Face Ultra XC Futurelight boots in black,£160.00
G.H. Bass & Co. Easy Weejuns Larson loafers in leopard print,£125.00
G.H. Bass & Co. Easy Weejuns Larson loafers in black pony and leather,£125.00
ASOS DESIGN trainers in black patent,£30.00
New Balance 530 trainers in white and purple,£80.00
ASOS DESIGN wellies in multi oil slick print,£22.00
ASOS DESIGN wellies in glow in the dark in the green,£18.00
ASOS DESIGN lace up shoes in black faux leather with green cleated sole,£45.00
Nike Air Max 2090 trainers in white/volt,£129.95
ASOS DESIGN cuban heel western chelsea boot in grey faux suede with square toe with metal cap,£45.00
ASOS DESIGN tech lounge sliders in grey with black faux fur lining,£22.00
ASOS DESIGN slider with black chain emboss,£16.00
Puma classic suede trainers in navy,£65.00
Puma classic suede trainers in burgundy,£65.00
Puma classic suede trainers in red,£65.00
Puma classic suede trainers in gold,£65.00
ASOS DESIGN loafers in woven tan faux leather,£30.00
ASOS DESIGN cuban heel western chelsea boots in zebra print glitter,£40.00
ASOS Unrvlld Supply trainers in white with stone heel tab,£25.00
The North Face Nuptse 700 boots in black/yellow,£90.00
The North Face Nuptse 700 boots in black,£90.00
Selected Homme leather chukka boot with contrast laces in black,£115.00
Selected Homme leather brogue boots in black,£90.00
Selected Homme premium leather snaffle loafer in black,£115.00
Selected Homme premium leather trainer with thick sole in white & vintage,£100.00
Selected Homme leather penny loafer with chunky sole in burgundy,£110.00
Selected Homme premium leather trainer with chunky sole & contrast back tab,£100.00
Selected Homme suede penny loafer with chunky sole in black,£70.00
Burton Menswear suede derby in tan,£30.00
Nike Air Max 2090 trainers in black,£129.95
Nike D/MS/X Waffle trainers in forest green,£89.95
ASOS DESIGN Wide Fit cuban heel western chelsea boots in glitter with flame detail,£45.00
ASOS DESIGN heeled chelsea boots with pointed toe in silver glitter,£65.00
Polo Ralph Lauren x ASOS exclusive collab trackster trainers in cream nubuck leather with pony logo,£120.00
Selected Homme suede chelsea boot with cuban heel in black,£110.00
ASOS DESIGN retro high tops in cream and green,£35.00
G.H. Bass & Co. Easy Weejuns Larson penny loafers in white and black,£125.00
New Balance 574 trainers in navy and red - exclusive to ASOS,£75.00
New Balance 327 trainers in navy and red - exclusive to ASOS,£80.00
ASOS Actual multi panel trainers in stone mix,£40.00
ASOS Unrvlld Supply logo runner trainers with rubber panel,£30.00
ASOS DESIGN knit runner trainers in stone,£28.00
River Island trainer in black,£45.00
adidas Originals Nite Jogger trainers in navy,£99.95
ASOS DESIGN trainers in stone with mixed materials,£25.00
ASOS DESIGN trainers in black,£30.00
Nike Blazer Mid '77 Vintage trainers in black,£89.95
Nike Air Tailwind '79 trainers in black,£79.95
Nike Running Air Zoom Pegasus 37 trainers in black/gold,£104.95
Nike Training Metcon 6 trainers in stone,£114.95
ASOS Unrvlld Supply Wide Fit trainers in white with stone heel tab,£25.00
ASOS DESIGN trainers with multi layer laces,£32.00
New Look desert boot in stone,£29.99
New Look chelsea boot in black suede,£27.99
ASOS DESIGN chunky studded trainers in black,£45.00
ASOS DESIGN flip flop with monogram print,£14.00
ASOS Unrvlld Supply slider in black with tape,£12.00
The North Face Tsumoru boots in black,£100.00
New Look tassel loafer in black,£29.99
ASOS DESIGN premium leather and suede trainers in black,£30.00
New Balance 530 trainers in white metallic,£80.00
Polo Ralph Lauren longwood leather trainer polo player logo in white,£85.00
ASOS DESIGN driving shoes in grey suede with lace detail,£35.00
ASOS DESIGN lace up boots in black faux leather with khaki panels on chunky cleated sole,£55.00
New Look desert boot in black,£29.99
New Look chelsea boot in brown suede,£27.99
ASOS DESIGN Wide Fit multi panel trainers in black,£30.00
ASOS DESIGN multi panel trainers in black,£30.00
Selected Homme suede chelsea boot in black,£90.00
Nike Air Tailwind '79 trainers in mystic dates,£79.95
Nike Training Metcon 6 trainers in grey,£114.95
Puma Future Rider trainers in coral,£75.00
ASOS DESIGN Wide Fit cuban heel western chelsea boots in black croc faux leather with strap and chain detail,£40.00
ASOS DESIGN knit runner trainers in pastel blue,£28.00
ASOS DESIGN Wide Fit knit runner trainers in white,£28.00
ASOS DESIGN trainers in stone,£30.00
